<?xml version="1.0" encoding="UTF-8"?>
<project-private xmlns="http://www.netbeans.org/ns/project-private/1">
    <editor-bookmarks xmlns="http://www.netbeans.org/ns/editor-bookmarks/2" lastBookmarkId="0"/>
    <open-files xmlns="http://www.netbeans.org/ns/projectui-open-files/2">
        <group>
            <file>file:/D:/NUSA%20PUTRA%20MATERI%20SEMESTER%203/PBO%20ACAK/BDApotekmandiri/src/com/view/cView.java</file>
            <file>file:/D:/NUSA%20PUTRA%20MATERI%20SEMESTER%203/PBO%20ACAK/BDApotekmandiri/src/cMain.java</file>
            <file>file:/D:/NUSA%20PUTRA%20MATERI%20SEMESTER%203/PBO%20ACAK/BDApotekmandiri/src/com/Config/cConfig.java</file>
        </group>
    </open-files>
</project-private>
